Akbar2,,O9TZQ,In Progress,Motorcycle;Solid;12332;120;211;YAMAHA;RAMI|Bicycle;Solid;12331;120;211;YAMAHA;SHareef|Bike;Solid;12334;120;222;Honda;RAMI
Akbar2,,O9TZQ,In Progress,Motorcycle;Solid;12332;120;211;YAMAHA;RAMI|Bicycle;Solid;12331;120;211;YAMAHA;SHareef|Bike;Solid;12334;120;222;Honda;RAMI
Akbar2,,O9TZQ,In Progress,Motorcycle;Solid;12332;120;211;YAMAHA;RAMI|Bicycle;Solid;12331;120;211;YAMAHA;SHareef|Bike;Solid;12334;120;222;Honda;RAMI
Akbar2,,O9TZQ,Confirmed,Motorcycle;Solid;12332;120;211;YAMAHA;RAMI|Bicycle;Solid;12331;120;211;YAMAHA;SHareef|Bike;Solid;12334;120;222;Honda;RAMI
Akbar2,,O9TZQ,Confirmed,Motorcycle;Solid;12332;120;211;YAMAHA;RAMI|Bicycle;Solid;12331;120;211;YAMAHA;SHareef|Bike;Solid;12334;120;222;Honda;RAMI
Akbar2,,O9TZQ,Confirmed,Motorcycle;Solid;12332;120;211;YAMAHA;RAMI|Bicycle;Solid;12331;120;211;YAMAHA;SHareef|Bike;Solid;12334;120;222;Honda;RAMI
Akbar2,,O9TZQ,Confirmed,Motorcycle;Solid;12332;120;211;YAMAHA;RAMI|Bicycle;Solid;12331;120;211;YAMAHA;SHareef|Bike;Solid;12334;120;222;Honda;RAMI
Akbar2,,O9TZQ,Confirmed,Motorcycle;Solid;12332;120;211;YAMAHA;RAMI|Bicycle;Solid;12331;120;211;YAMAHA;SHareef|Bike;Solid;12334;120;222;Honda;RAMI
Akbar2,,O9TZQ,Confirmed,Motorcycle;Solid;12332;120;211;YAMAHA;RAMI|Bicycle;Solid;12331;120;211;YAMAHA;SHareef|Bike;Solid;12334;120;222;Honda;RAMI
,Akbar2,O9TZQ,Cancel,Motorcycle;Solid;12332;120;211;YAMAHA;RAMIBicycle
Akbar2,,O9TZQ,Confirmed,Motorcycle;Solid;12332;120;211;YAMAHA;RAMI|Bicycle;Solid;12331;120;211;YAMAHA;SHareef|Bike;Solid;12334;120;222;Honda;RAMI
Akbar2,,O9TZQ,Confirmed,Motorcycle;Solid;12332;120;211;YAMAHA;RAMI|Bicycle;Solid;12331;120;211;YAMAHA;SHareef|Bike;Solid;12334;120;222;Honda;RAMI
Akbar2,,O9TZQ,Confirmed,Motorcycle;Solid;12332;120;211;YAMAHA;RAMI|Bicycle;Solid;12331;120;211;YAMAHA;SHareef|Bike;Solid;12334;120;222;Honda;RAMI
Akbar2,,O9TZQ,Confirmed,Motorcycle;Solid;12332;120;211;YAMAHA;RAMI|Bicycle;Solid;12331;120;211;YAMAHA;SHareef|Bike;Solid;12334;120;222;Honda;RAMI
Akbar2,,O9TZQ,Confirmed,Motorcycle;Solid;12332;120;211;YAMAHA;RAMI|Bicycle;Solid;12331;120;211;YAMAHA;SHareef|Bike;Solid;12334;120;222;Honda;RAMI
Akbar2,,O9TZQ,Confirmed,Motorcycle;Solid;12332;120;211;YAMAHA;RAMI|Bicycle;Solid;12331;120;211;YAMAHA;SHareef|Bike;Solid;12334;120;222;Honda;RAMI
Akbar2,,O9TZQ,Confirmed,Motorcycle;Solid;12332;120;211;YAMAHA;RAMI|Bicycle;Solid;12331;120;211;YAMAHA;SHareef|Bike;Solid;12334;120;222;Honda;RAMI
Akbar2,,O9TZQ,Confirmed,Motorcycle;Solid;12332;120;211;YAMAHA;RAMI|Bicycle;Solid;12331;120;211;YAMAHA;SHareef|Bike;Solid;12334;120;222;Honda;RAMI
Akbar2,,O9TZQ,Confirmed,Motorcycle;Solid;12332;120;211;YAMAHA;RAMI|Bicycle;Solid;12331;120;211;YAMAHA;SHareef|Bike;Solid;12334;120;222;Honda;RAMI
,Akbar2,O9TZQ,Cancel,Motorcycle;Solid;12332;120;211;YAMAHA;RAMIBicycle
